cherry,樱花
0,a
1,A
2,ability
3,able
4,Abnormal
5,about
6,above
7,absence
8,absolutely
9,absorb
10,accumulate
11,acid
12,acquire
13,Acquired
14,across
15,act
16,active
17,activities
18,activity
19,acts
20,additional
21,administered
22,adult
23,Africa
24,after
25,After
26,again
27,against
28,age
29,Age
30,AIDS
31,Aims
32,all
33,All
34,allow
35,allowed
36,allowing
37,allows
38,Alpha
39,already
40,also
41,am
42,Am
43,among
44,an
45,An
46,and
47,animal
48,animals
49,another
50,any
51,appearance
52,applications
53,approach
54,are
55,area
56,areas
57,around
58,Arrangement
59,arrangement
60,arrive
61,art
62,as
63,assessments
64,associate
65,associated
66,at
67,attach
68,attached
69,attachment
70,attack
71,attacked
72,attracts
73,avoid
74,b
75,B
76,baby
77,bacteria
78,Bacterial
79,bacterium
80,bad
81,Baker
82,basal
83,Basal
84,based
85,basic
86,be
87,beach
88,because
89,become
90,becomes
91,been
92,beer
93,before
94,begins
95,Begins
96,Behring
97,being
98,believed
99,below
100,beneath
101,beta
102,between
103,big
104,binding
105,Binding
106,binds
107,black
108,block
109,Block
110,blood
111,blue
112,bodies
113,body
114,Body
115,bond
116,bone
117,both
118,Both
119,bread
120,break
121,bring
122,but
123,by
124,By
125,c
126,C
127,Ca
128,called
129,can
130,Can
131,Cannot
132,cannot
133,capsid
134,carried
135,carry
136,case
137,Case
138,cases
139,cause
140,Cause
141,caused
142,causes
143,causing
144,CD
145,cell
146,cells
147,Cells
148,Cellular
149,cellular
150,central
151,Chain
152,change
153,changes
154,Chapter
155,Characteristic
156,characteristics
157,check
158,Check
159,chemicals
160,Children
161,chinese
162,chromosomes
163,circular
164,class
165,Class
166,classification
167,Classification
168,classifying
169,clear
170,cleave
171,clicker
172,Clicker
173,clinical
174,Clinical
175,close
176,Closed
177,closely
178,cm
179,coat
180,collect
181,come
182,comes
183,common
184,compared
185,Comparing
186,complete
187,completing
188,Complex
189,complex
190,components
191,composed
192,concentration
193,condition
194,confirm
195,considered
196,consists
197,contact
198,contain
199,Contain
200,containing
201,contains
202,contents
203,contribute
204,copies
205,Copies
206,core
207,could
208,count
209,couple
210,coursework
211,Coursework
212,create
213,creation
214,cross
215,Crossed
216,cup
217,cure
218,current
219,currently
220,cycle
221,Cycle
222,cycles
223,cytoplasm
224,CYTOPLASM
225,d
226,D
227,damage
228,daughter
229,days
230,deal
231,death
232,deaths
233,December
234,definition
235,degenerate
236,degree
237,Degree
238,depend
239,depends
240,Details
241,detection
242,Develop
243,develop
244,developing
245,development
246,Development
247,developmental
248,developments
249,develops
250,diagnosis
251,Diagnostic
252,did
253,die
254,died
255,differences
256,different
257,digestion
258,directly
259,discovered
260,discovery
261,Discovery
262,disease
263,Disease
264,diseases
265,Diseases
266,divide
267,division
268,divisions
269,DNA
270,do
271,Do
272,does
273,dogs
274,domain
275,done
276,double
277,Double
278,dry
279,due
280,during
281,During
282,e
283,E
284,each
285,early
286,edge
287,edition
288,Edition
289,egg
290,EGG
291,Eggs
292,eight
293,either
294,Eleventh
295,enclosed
296,end
297,End
298,enter
299,entered
300,enters
301,entry
302,envelope
303,enveloped
304,environments
305,enzymes
306,Enzymes
307,especially
308,even
309,event
310,ever
311,Everyday
312,exam
313,Examples
314,examples
315,except
316,extra
317,extracellular
318,eye
319,f
320,F
321,face
322,factor
323,factors
324,Families
325,families
326,Family
327,family
328,famous
329,fashion
330,Features
331,feeding
332,female
333,fever
334,few
335,Few
336,fight
337,filled
338,final
339,first
340,First
341,fit
342,flat
343,Fluid
344,fly
345,following
346,food
347,foods
348,for
349,form
350,Formation
351,forming
352,forms
353,found
354,four
355,Four
356,Fourth
357,fourth
358,free
359,Free
360,from
361,From
362,fully
363,function
364,functional
365,functions
366,Funke
367,Further
368,Fusion
369,future
370,g
371,G
372,gained
373,Gametes
374,Genetic
375,genetically
376,genome
377,Giulia
378,give
379,gland
380,glossary
381,Glossary
382,glycoproteins
383,Golgi
384,Good
385,good
386,great
387,group
388,grouped
389,groups
390,grow
391,growing
392,growth
393,gut
394,h
395,H
396,had
397,Hand
398,handouts
399,Handouts
400,hands
401,happen
402,harming
403,has
404,have
405,Have
406,having
407,he
408,He
409,Head
410,head
411,heal
412,health
413,hello
414,Hello
415,helper
416,helping
417,high
418,History
419,history
420,HIV
421,host
422,Host
423,hosts
424,hour
425,hours
426,How
427,how
428,However
429,https
430,human
431,Human
432,humans
433,Humans
434,i
435,I
436,identified
437,If
438,if
439,II
440,Image
441,immune
442,important
443,in
444,In
445,inactive
446,includes
447,increase
448,increases
449,industrial
450,infect
451,Infect
452,infected
453,infection
454,infections
455,Infects
456,influence
457,info
458,information
459,initial
460,inside
461,internal
462,into
463,intracellular
464,introduction
465,Introduction
466,investigated
467,involve
468,involved
469,ions
470,is
471,It
472,it
473,its
474,j
475,J
476,jeans
477,join
478,Join
479,Joined
480,just
481,k
482,K
483,key
484,Keywords
485,kind
486,kinds
487,Kingdom
488,knock
489,Knowledge
490,known
491,l
492,L
493,laboratories
494,lack
495,Lack
496,lakes
497,Large
498,largest
499,late
500,later
501,latter
502,Latter
503,layer
504,lead
505,leading
506,leads
507,learn
508,learning
509,Learning
510,LEARNING
511,lecture
512,LECTURE
513,Lecture
514,Lectures
515,lectures
516,Led
517,legs
518,less
519,life
520,Life
521,ligament
522,light
523,like
524,limited
525,limits
526,line
527,lipid
528,liquid
529,list
530,listening
531,little
532,live
533,liver
534,Liver
535,lives
536,Located
537,location
538,long
539,longer
540,look
541,looking
542,loses
543,loss
544,Lots
545,lymph
546,m
547,M
548,macrophages
549,made
550,magic
551,main
552,major
553,majority
554,makes
555,male
556,Male
557,manageable
558,many
559,mark
560,mass
561,maturation
562,mature
563,may
564,May
565,me
566,meal
567,Mechanism
568,Medically
569,medicine
570,meets
571,membrane
572,Membrane
573,membranes
574,memory
575,men
576,Method
577,methods
578,Microbes
579,microbes
580,microbiology
581,Microbiology
582,microorganism
583,Microorganism
584,microorganisms
585,Microorganisms
586,microscope
587,Middle
588,might
589,migrate
590,Migration
591,migration
592,mild
593,milder
594,millions
595,mind
596,mins
597,missing
598,Mitochondria
599,mode
600,Modern
601,modern
602,Modes
603,module
604,Module
605,molecular
606,Molecular
607,molecule
608,molecules
609,monocytes
610,more
611,Most
612,most
613,mouse
614,mouth
615,Move
616,move
617,mRNA
618,Much
619,multiple
620,mutation
621,my
622,n
623,N
624,name
625,named
626,names
627,Naming
628,nature
629,near
630,needs
631,Negative
632,nervous
633,never
634,new
635,nm
636,No
637,no
638,Nobel
639,nodes
640,Non
641,non
642,None
643,Normal
644,normal
645,normally
646,nose
647,not
648,NOT
649,Novel
650,now
651,nucleic
652,nucleus
653,Nucleus
654,number
655,Number
656,numbers
657,Numbers
658,numerous
659,o
660,O
661,objective
662,Objective
663,objectives
664,Objectives
665,OBJECTIVES
666,observable
667,observation
668,Occur
669,occur
670,occurred
671,occurrence
672,occurs
673,oceans
674,Oct
675,of
676,Of
677,office
678,Office
679,often
680,Often
681,oldest
682,on
683,Once
684,one
685,One
686,ones
687,online
688,Online
689,only
690,Only
691,Open
692,opening
693,Opportunistic
694,options
695,or
696,Or
697,Oral
698,order
699,organic
700,organisms
701,organs
702,origin
703,Original
704,other
705,Other
706,others
707,Others
708,our
709,out
710,outbreak
711,outer
712,Outer
713,outside
714,over
715,overcrowded
716,p
717,P
718,pain
719,Pair
720,parent
721,part
722,Part
723,partner
724,parts
725,past
726,pathway
727,patient
728,Patient
729,pdf
730,PDF
731,Pearson
732,people
733,People
734,percentage
735,period
736,phase
737,phases
738,physicians
739,pick
740,pieces
741,pigment
742,pink
743,pizza
744,place
745,places
746,plant
747,plants
748,plastic
749,play
750,PLAY
751,played
752,polar
753,Polar
754,ponds
755,poor
756,population
757,pore
758,position
759,Positive
760,positive
761,possibility
762,Post
763,Posterior
764,practices
765,presence
766,presentation
767,Prevent
768,prevent
769,Prevention
770,prevents
771,primary
772,Primary
773,Prize
774,Prizes
775,problems
776,process
777,Process
778,Produce
779,produce
780,produced
781,produces
782,producing
783,production
784,products
785,programme
786,Programme
787,progress
788,protein
789,proteins
790,provide
791,provided
792,pump
793,purple
794,q
795,Q
796,QMPlus
797,QMPLus
798,qmul
799,QMUL
800,question
801,questions
802,QUESTIONS
803,Questions
804,quick
805,r
806,R
807,range
808,rapidly
809,rarely
810,reach
811,reaching
812,reaction
813,Reactivation
814,read
815,reading
816,Reading
817,readings
818,receptors
819,recording
820,recordings
821,red
822,Red
823,reduced
824,reducing
825,refers
826,related
827,relationships
828,release
829,released
830,releases
831,remain
832,Remain
833,removing
834,replicates
835,replication
836,Replication
837,require
838,required
839,requires
840,research
841,response
842,responsible
843,resting
844,result
845,results
846,ribosomes
847,ring
848,rise
849,RNA
850,role
851,roles
852,round
853,rounds
854,rRNA
855,rural
856,s
857,S
858,same
859,Same
860,sand
861,sea
862,Sea
863,second
864,Second
865,Secondary
866,secondary
867,Seconds
868,secrete
869,section
870,seen
871,sees
872,segmented
873,Sense
874,sense
875,separate
876,sequences
877,seven
878,several
879,Several
880,severe
881,sex
882,sexual
883,sexually
884,shape
885,shaped
886,shapes
887,sharing
888,sheet
889,Short
890,show
891,showed
892,shown
893,sickness
894,sided
895,signals
896,Similar
897,Similarities
898,simplified
899,single
900,sister
901,site
902,sites
903,six
904,Size
905,size
906,sizes
907,skin
908,Skin
909,Sleeping
910,slide
911,slides
912,slow
913,small
914,smaller
915,SNU
916,so
917,soft
918,soften
919,soil
920,some
921,Some
922,sources
923,space
924,special
925,specialized
926,species
927,specific
928,spleen
929,spread
930,stage
931,stages
932,staging
933,state
934,States
935,Steps
936,steps
937,stimulate
938,Stimulating
939,stone
940,stops
941,stranded
942,strands
943,streams
944,stress
945,strong
946,structure
947,Structure
948,structures
949,studies
950,study
951,sub
952,Sub
953,submit
954,submitted
955,such
956,Suggested
957,Summary
958,surface
959,surrounded
960,surrounding
961,sweep
962,swimming
963,Syndrome
964,system
965,t
966,T
967,Tail
968,tail
969,take
970,takes
971,tall
972,target
973,teacher
974,teaching
975,Teaching
976,templates
977,tend
978,terms
979,textbook
980,Textbook
981,Textbooks
982,textbooks
983,th
984,than
985,that
986,the
987,The
988,their
989,Their
990,them
991,then
992,Then
993,therapy
994,There
995,These
996,these
997,They
998,they
999,this
1000,This
1001,thousands
1002,three
1003,Three
1004,through
1005,thus
1006,time
1007,times
1008,timetable
1009,tiny
1010,tip
1011,tissue
1012,tissues
1013,to
1014,today
1015,together
1016,too
1017,tools
1018,Tortora
1019,towards
1020,transcription
1021,Transcription
1022,transferred
1023,transform
1024,transformation
1025,transmission
1026,transmit
1027,transmitted
1028,Transmitted
1029,transportation
1030,traveling
1031,treat
1032,treated
1033,treatment
1034,Treatment
1035,treatments
1036,tree
1037,trials
1038,trillion
1039,trunk
1040,Tu
1041,tube
1042,tubes
1043,tubular
1044,tubule
1045,twelveth
1046,Twelveth
1047,two
1048,Two
1049,Type
1050,type
1051,Types
1052,types
1053,u
1054,U
1055,unable
1056,unaided
1057,uncomfortable
1058,under
1059,undergo
1060,Understand
1061,understanding
1062,Understanding
1063,undeveloped
1064,unequal
1065,unique
1066,United
1067,unsafe
1068,until
1069,up
1070,updated
1071,us
1072,Us
1073,use
1074,Use
1075,used
1076,useful
1077,using
1078,usually
1079,v
1080,V
1081,varies
1082,variety
1083,various
1084,Vector
1085,Very
1086,very
1087,Vesicle
1088,via
1089,video
1090,videos
1091,viral
1092,virus
1093,Virus
1094,viruses
1095,visible
1096,von
1097,VooV
1098,w
1099,W
1100,wait
1101,wall
1102,walls
1103,was
1104,wash
1105,washed
1106,washing
1107,waste
1108,water
1109,waving
1110,ways
1111,we
1112,We
1113,weak
1114,weeks
1115,weight
1116,well
1117,were
1118,Western
1119,what
1120,What
1121,When
1122,when
1123,where
1124,WHERE
1125,Where
1126,Which
1127,which
1128,white
1129,who
1130,wildlife
1131,will
1132,Will
1133,wine
1134,with
1135,With
1136,within
1137,Within
1138,without
1139,women
1140,words
1141,work
1142,world
1143,worldwide
1144,www
1145,x
1146,X
1147,y
1148,Y
1149,year
1150,Year
1151,years
1152,yellow
1153,yet
1154,you
1155,young
1156,your
1157,Your
1158,Youyou
1159,z
1160,Z
1161,zippers
1162,False
1163,True
1164,Eye
1165,layers
1166,Movie
1167,lungs
1168,open
